BEGIN;

TRUNCATE
  bobatier_comments,
  bobatier_ratings,
  bobatier_drinks,
  bobatier_shops,
  bobatier_users;

INSERT INTO bobatier_users (id, user_name, first_name, last_name, password)
VALUES
  (1001, 'Matcha_lover', 'Matcha', 'Lover', 'password'),
  (1002, 'BobaTeaGuy', 'Boba', 'Tea', 'password'),
  (1003, 'Jisoo', 'Jisoo', 'Kim', 'password');

INSERT INTO bobatier_shops (id, shop_name, city, state)
VALUES
  (1, 'Gongcha', 'Houston', 'TX'),
  (2, 'Sharetea', 'Houston', 'TX'),
  (3, 'Kung Fu Tea', 'Houston', 'TX'),
  (4, 'Ding Tea', 'Houston', 'TX'),
  (5, 'The Teahouse', 'Houston', 'TX'),
  (6, 'Bubble Tea House', 'Houston', 'TX'),
  (7, '7 Leaves Cafe', 'Houston', 'TX'),
  (8, 'Teaholic', 'Houston', 'TX'),
  (9, 'Feng Cha', 'Houston', 'TX'),
  (10, 'BoBa Island', 'Houston', 'TX'),
  (11, 'Kim''s Teahouse', 'Houston', 'TX'),
  (12, 'Teapresso Bar', 'Houston', 'TX'),
  (13, 'Tea Top', 'Houston', 'TX'),
  (14, 'Tiger Sugar', 'Houston', 'TX'),
  (15, 'Nu Ice & Drinks', 'Houston', 'TX'),
  (16, 'Yumcha', 'Houston', 'TX'),
  (17, 'Boba City', 'Houston', 'TX'),
  (18, 'The Boba Spot', 'Houston', 'TX'),
  (19, 'I Heart Boba', 'Houston', 'TX'),
  (20, 'The Bep Teahouse', 'Houston', 'TX');

INSERT INTO bobatier_drinks (id, drink_name, shop_id)
VALUES
  (101, 'Green Milk Foam Tea', 1),
  (102, 'Black Milk Foam Tea', 1),
  (103, 'Oolong Milk Foam Tea', 1),
  (104, 'Earl Grey Milk Foam Tea', 1),
  (105, 'Wintermelon Milk Foam Tea', 1),
  (106, 'Dirty Brown Sugar Milk Tea', 1),
  (107, 'Milk Tea', 1),
  (108, 'Pearl Milk Tea', 1),
  (109, 'Caramel Milk Tea', 1),
  (110, 'Brown Sugar Milk Tea', 1),
  (111, 'Wintermelon Milk Tea', 1),
  (112, 'Strawberry Milk Tea', 1),
  (113, 'Earl Grey Milk Tea with 3 J''s', 1),
  (114, 'Green Tea', 1),
  (115, 'Hibiscus Green Tea', 1),
  (116, 'Honey Green Tea', 1),
  (117, 'Lychee Oolong', 1),
  (118, 'Lemon Ai-yu White Pearl', 1),
  (119, 'Lemon Wintermelon Basil Seeds', 1),
  (120, 'Taro', 1),
  (121, 'Caramel Chocolate', 1),
  (122, 'Yogurt Drink', 1),
  (201, 'Mango Green Tea', 2),
  (202, 'Wintermelon Lemonade', 2),
  (203, 'Strawberry Tea', 2),
  (204, 'Peach Tea with Aiyu Jelly', 2),
  (205, 'Peach Kiwi Tea with Aiyu Jelly', 2),
  (206, 'Honey Lemonade with Aloe Vera', 2),
  (207, 'Kiwi Fruit Tea with Aiyu Jelly', 2),
  (208, 'Mango & Passion Fruit Tea', 2),
  (209, 'Hawaii Fruit Tea with Aiyu Jelly', 2),
  (210, 'Tropical Fruit Tea', 2),
  (211, 'Passionfruit, Orange and Grapefruit Tea', 2),
  (212, 'Classic Milk Tea', 2),
  (213, 'Honey Milk Tea', 2),
  (214, 'Classic Coffee', 2),
  (215, 'Ginger Milk Tea', 2),
  (216, 'Coffee Milk Tea', 2),
  (217, 'Classic Pearl Milk Tea', 2),
  (218, 'Hokkaido Pearl Milk Tea', 2),
  (219, 'Thai Pearl Milk Tea', 2),
  (220, 'Taro Pearl Milk Tea', 2),
  (221, 'Mango Green Milk Tea', 2),
  (222, 'QQ Happy Family Milk Tea', 2),
  (223, 'Matcha Red Bean Milk Tea', 2),
  (224, 'Lime Mojito', 2),
  (225, 'Mango Mojito', 2),
  (226, 'Peach Mojito', 2),
  (227, 'Strawberry Mojito', 2),
  (301, 'Longan Jujube Tea', 3),
  (302, 'Kung Fu Black Tea', 3),
  (303, 'Kung Fu Green Tea', 3),
  (304, 'Kung Fu Oolong Tea', 3),
  (305, 'Kung Fu Honey Tea', 3),
  (306, 'Honey Black Tea', 3),
  (307, 'Honey Green Tea', 3),
  (308, 'Honey Oolong Tea', 3),
  (309, 'Winter Melon Tea', 3),
  (310, 'Winter Melon Green Tea', 3),
  (311, 'Kung Fu Milk Tea', 3),
  (312, 'Kung Fu Milk Green Tea', 3),
  (313, 'Rosehip Milk Tea', 3),
  (314, 'Coffee Milk Tea', 3),
  (315, 'Taro Milk Tea', 3),
  (316, 'Taro Milk Green Tea', 3),
  (317, 'Honey Milk Tea', 3),
  (318, 'Honey Milk Green Tea', 3),
  (319, 'Thai Milk Tea', 3),
  (320, 'Winter Melon Milk Green Tea', 3),
  (321, 'Oolong Milk Tea', 3),
  (322, 'Honey Oolong Milk Tea', 3),
  (323, 'Coconut Milk Tea', 3),
  (324, 'Almond Milk Tea', 3),
  (325, 'Honey Tea Cap', 3),
  (326, 'Matcha Milk Cap', 3),
  (327, 'Cocoa Cream Wow with Milk Cap', 3),
  (328, 'Jujube Tea Milk Cap', 3),
  (329, 'Sunshine Pineapple Tea Cap', 3),
  (330, 'Winter Melon Tea Cap', 3),
  (401, 'Signature Milk Tea', 4),
  (402, 'Jasmine Green Milk Tea', 4),
  (403, 'Wintermelon Tea', 4),
  (404, 'Strawberry Yakult', 4),
  (405, 'Wintermlon Milk Tea', 4),
  (406, 'Taro Milk Tea', 4),
  (407, 'Matcha Milk Tea', 4),
  (408, 'Hokkaido Oolong Milk Tea', 4),
  (409, 'Lychee Green Tea', 4),
  (410, 'Top Fruit Tea', 4),
  (701, 'Mint Sereno', 7),
  (702, 'Jasmine Milk Tea', 7),
  (703, 'Japanese Matcha Soy Tea', 7),
  (704, 'Vietnamese Coffee', 7),
  (705, 'House Coffee', 7),
  (706, 'Japanese Matcha Tea', 7),
  (707, 'Taro Milk Tea', 7),
  (708, 'Thai Tea', 7),
  (709, 'Sea Cream Jasmine Tea', 7),
  (710, 'Sea Cream Black Coffee', 7),
  (711, 'Herbal Tea', 7),
  (712, 'Strawberry Hibiscus Tea', 7),
  (713, 'Mung Bean Milk Tea', 7),
  (714, 'Sunset Passion', 7),
  (715, 'Assam Milk Tea', 7),
  (716, 'Oolong Milk Tea', 7),
  (1101, 'Classic Milk Tea', 11),
  (1102, 'Jasmine Cream Tea', 11),
  (1103, 'Oolong Cream Tea', 11),
  (1104, 'Matcha Cream Tea', 11),
  (1105, 'Thai Tea', 11),
  (1106, 'Taro Cream Tea', 11),
  (1107, 'Honeydew Cream Tea', 11),
  (1108, 'Coconut Cream Tea', 11),
  (1109, 'Almond Cream Tea', 11),
  (1110, 'Thai Green Tea', 11),
  (1111, 'Jasmine Green Tea', 11),
  (1112, 'Passion Fruit Tea', 11),
  (1113, 'Strawberry Tea', 11),
  (1114, 'Mango Tea', 11),
  (1115, 'Lime Tea', 11),
  (1116, 'Honey Tea', 11),
  (1117, 'Peach Tea', 11),
  (1118, 'Lychee Tee', 11),
  (1119, 'Artichoke Tea', 11),
  (1120, 'Fresh Fruit Tea', 11),
  (1121, 'Sea Foam Matcha Tea', 11),
  (1122, 'Sea Foam Early Grey', 11),
  (1123, 'Sea Foam Thai Tea', 11),
  (1124, 'Sea Foam Thai Green Tea', 11),
  (1201, 'Teapresso Milk Tea', 12),
  (1202, 'Almond Milk Tea', 12),
  (1203, 'Brown Sugar Fresh Milk', 12),
  (1204, 'Brown Sugar Milk Tea', 12),
  (1205, 'Brown Sugar Matcha', 12),
  (1206, 'Coconut Milk Tea', 12),
  (1207, 'Chocolate Milk Tea', 12),
  (1208, 'Coffee Milk Tea', 12),
  (1209, 'Ginger Milk Tea', 12),
  (1210, 'Hazelnut Milk Tea', 12),
  (1211, 'Hokkaido Milk Tea', 12),
  (1212, 'Honeydew Milk Tea', 12),
  (1213, 'Hong Kong Milk Tea', 12),
  (1214, 'Matcha Latte Milk Tea', 12),
  (1215, 'Strawberry Flow Milk Tea', 12),
  (1216, 'Taro Milk Tea', 12),
  (1217, 'Thai Milk Tea', 12),
  (1218, 'Wintermelon Milk Tea', 12),
  (1219, 'Ube Latte', 12),
  (1220, 'Fruit Lychee', 12),
  (1221, 'Hibiscus Blend', 12),
  (1222, 'Honey Lemon Green Tea', 12),
  (1223, 'Lady Grey', 12),
  (1224, 'Mango Kumquat', 12),
  (1225, 'Peach Cantaloupe', 12),
  (1226, 'Plantation Tea', 12),
  (1227, 'P.O.G Iced Tea', 12),
  (1228, 'Tropic Osmanthus', 12),
  (1301, 'Passion Green Tea Medley', 13),
  (1302, 'Earl Grey Milk Tea', 13),
  (1303, 'Sun Moon Lake Milk Tea', 13),
  (1401, 'Brown Sugar Boba Milk', 14),
  (1402, 'Taiwan Golden Oolong Tea', 14),
  (1403, 'Taiwan Classic Black Tea', 14),
  (1404, 'Black Tea Latte', 14),
  (1405, 'Black Tea', 14),
  (1406, 'Green Tea Latte', 14),
  (1407, 'Green Tea', 14),
  (1601, 'Supreme Very Peach', 16),
  (1602, 'Brown Sugar Milk Tea', 16),
  (1603, 'Tangy Mango Sago', 16),
  (1604, 'Jasmine Green Milk Tea', 16),
  (1605, 'Green Apple Lover', 16),
  (1606, 'Vintage Black Milk Tea', 16),
  (1607, 'Supreme Pineapple', 16),
  (1608, 'Bird''s Nest Supreme Milk', 16),
  (1609, 'Grapefruit Overflow', 16),
  (1610, 'Supreme Grapefruit', 16),
  (2001, 'Kumquat Fresh Coco with Aloe Vera', 20),
  (2002, 'Cheese Tea Classic', 20),
  (2003, 'Royal Artichoke', 20),
  (2004, 'Kuro Fresh Milk (Black Sugar Boba)', 20),
  (2005, 'Royal Fresh Coco with 3 Toppings', 20),
  (2006, 'Fresh Passionfruit Coco with Aloe Vera', 20);

INSERT INTO bobatier_ratings (id, user_id, drink_id, rating)
VALUES
  (9001, 1001, 101, 5),
  (9002, 1001, 703, 5),
  (9003, 1002, 101, 3),
  (9004, 1002, 311, 3),
  (9005, 1003, 113, 4),
  (9006, 1003, 101, 4),
  (9007, 1003, 207, 5),
  (9008, 1002, 207, 5),
  (9009, 1003, 1401, 5);

INSERT INTO bobatier_comments (id, text, shop_id, user_id)
VALUES
  (1001, 'I really liked the Kiwi Fruit Tea in this place!', 2, 1003),
  (1002, 'I agree with Jisoo!', 2, 1002),
  (1003, 'The Milk Foam Green Tea is my favorite!', 1, 1003),
  (1004, 'The Brown Sugar Boba is the best Boba in town!', 14, 1003),
  (1005, 'The Japanese Matcha Soy Tea really does matcha justice. I would go here again.', 7, 1001),
  (1006, 'I like to get the Artichoke Tea - it really is refreshing.', 11, 1003),
  (1007, 'This is probably one of my favorite boba shops in town', 20, 1002),
  (1008, 'This place is nice to visit after getting sushi next door', 4, 1002),
  (1009, 'This place is great. I used to come study here when it was open for dine-in', 7, 1003);

COMMIT;